RT @minditIsay: #SoulVultures #Xtians good business. Gwad Gwad and convert. What is the current market price. #NepalEarthquake	1
RT @AgentSaffron: Another Psychopath Christian predator who brazenly states his foul intentions. #NepalEarthquake http://t.co/HyTYrsEhov	45
RT @muns2177: Compare Kashmir Floods &amp; #NepalEarthquake coverage by usual #Presstitutes 2200 have died,guess Hindu lives dont count http://	27
RT @OmegaProgramme: Jesus gave 6 signs in Matt 24: wars; ethnic conflict; earthquakes; pestilence; famine; cults. No birth pains - no baby.	1
RT @odradesh: Xn #SoulVultures feel happy that they get so many corpses 2 feed on &amp; they even think they are doing a service 2 mankind . #N	1
RT @rohitzstriver: Convert everybody to christianity you bastards #SoulVultures .I want to ask,what will you achieve after this ?? #NepalEa	1
RT @ranganaathan: #NepalEarthquake is sad, but more avoidable topics are Evangelist Factory getting into Nepal for rehabilitation	2
RT @RamraoKP_: Shame on u for having such thoughts https://t.co/frl5qiMZre Hindus from Nepal plz save Hindus from #SoulVultures #NepalEarth	2
RT @noconversion: Xtian Missionaries plan to use Earthquake in Nepal as conversion oppt. Hindus Please Support Nepal #NepalEarthquake http:	91
RT @kan_rebel: @ExSecular @YesIamSaffron Another #SoulVultures #NepalEarthquake https://t.co/cYXFAe58U9	1
RT @Sonu_Bhaskar: Hats off to 25k @RSSorg volunteers who are selflessly helping out the #NepalEarthQuake victims, unlike #SoulVultures htt	3
RT @NoPlusnet: Hayul #Hayul jsaditya: RT KiranKS: If you don't know why #SoulVultures is trending in India after #NepalEarthquake http://t	1
RT @vaz_paz: #SoulVultures is looking to repeat #Haiti in #NepalEarthquake	1
RT @activator_n: Do not donate to #Presstitutes for #NepalEarthquake Please support #PMRF. #Presstitutes will use it for anti national acti	7
RT @bishtmk: @taslimanasreen WTF!! Conversion before helping in #NepalEarthquake Vultures, Scavengers &amp; Christian Missionaries https://t.c	1
RT @RealZaidHamid_: Praise the lord #SoulVultures #NepalEarthquake #Nepal http://t.co/9YdkjCqW2x	8
RT @neha_jpn: Word of God against Pope. #SoulVultures #NepalEarthquake #IndiaWithNepal http://t.co/f2ycmryp0m	26
"RT @TPrasad_7: NRIs, plz donate to Hindu charities&gt; @sewausa,@SewaUK,@IDRF_U ""@India_Policy: Evangelical vultures. #NepalEarthquake http://"	1
RT @sharath1108: Beware of Human Trafficking in the name of Evangelisation , its their high time #NepalEarthquake :#SoulVultures #earthqua	1
RT @Greyhound212: If any church got destroyed in #NepalEarthquake , expect #Presstitutes to call it a communal earthquake and blame it on M	1
RT @roessejh: ...earthquakes happen because of tectonic plates, they are not a result of lack of jesus. Christians and science, smh  #Nepa	1
RT @EvilYindoo: Another Church bigot https://t.co/YXmRggmoMz #NepalEarthquake	4
RT @OurCofE: Day 4 of Christian Aid Week. Shocked by news of the 2nd earthquake in Nepal #CAWeek #Nepalearthquake http://t.co/OtiZPCoCmS	2
RT @kush07: Lets be preemptive and nip a fresh #Presstitutes Hit Job on the new #NepalEarthquake Lets trend #NoPresstitutes4Nepal	4
RT @desi_brat: Fuck these Missionaries who are scavenging frm whatever's left after the #NepalEarthquake Hav some shame &amp; humanity.	1
"RT @TPrasad_7: .@noconversion Evangelical vultures already preying on #NepalEarthquake victims. #Nepal #Everest ""@India_Policy: http://t"	1
RT @Adv_Onkaar: Xtian missionaries find opportunities to convert Hindus n Buddhists even at the time of #NepalEarthquake . Shame http://t.	1
RT @smitadeshmukh: Unbelievable idiots all these religious fanatics #Nepal #NepalEarthquake https://t.co/qCl9zypOPo	3
RT @kendentshering: Missionary position even in times of disaster ;) shame on you #SoulVultures #NepalEarthquake https://t.co/6vvyoJaIlC	1
RT @ensine: Muslims are happy that NO moslems died in #NepalEarthquake so hail allah. Disgusting cult #Muslims and #Islam http://t.co/iUh5t	13
"RT @TPrasad_7: .@AnjaliGorg So called ""Soul Rescuers"" needing their own rescue? What a shame!! #NepalEarthquake #SoulVultures https://t.co"	1
RT @AnjaliGorg: I really have a feeling that most of the whites stuck in #NepalEarthQuake are Christian missionaries went for #soulharvest	65
RT @bohra_p: #SoulVultures Deleting Tweet... Afraid ... lol #NepalEarthquake is chance 4 thm to convert poor n needy ppl. #Sad https://t.c	1
RT @himanshugo: don't donate 2 #SoulVultures @WorldVision . Donate to PM's relief fund &amp; http://t.co/8hJ1DG5T6X #NepalEarthquake	1
RT @__aksa: These Christian missionaries seeking to harvest Xtian souls in the wake of #NepalEarthquake tragedy give Christ a bad name.Feed	1
RT @Rakeshinteriors: RT. When Jesus can't save himself how will he save others? #SoulVultures #NepalEarthquake #RSS #HDL @girirajsinghbjp h	31
RT @RealZaidHamid_: Christian Evangelists when Natural Calamity takes place #NepalEarthquake #NepalQuake #SoulVultures http://t.co/h58wcAjG	15
RT @SoulInExile: Sickness #SoulScavengers in #NepalEarthquake https://t.co/yTqF0iln0c	6
RT @vikas2783: Shameless #SoulVultures http://t.co/mCvghSxmfw #nepalearthquake	4
RT @pratichee: Shocked by the religious angle &amp;rajnikant,RahulGandhi jokes with regard to the earthquake!Is humanity dead?no sensitivity! #	1
RT @rajamama: @AbhaySDube #HDL #SoulVultures #BreakingOnNewsX: Controversial pastor, shocking move, dont rebuild the temples he says. #N	4
"RT @sudha073: Shameful! #SoulVultures #NepalEarthquake http://t.co/MUX0VZz5eQ http://t.co/JukdCFxR0W "" http://t.co/Ab3AOVArGy"	3
RT @mvslsv: How many big bindis stretched their hands to help the victims of #NepalEarthquake ??? #SoulVultures	4
RT @trintu12: Run Hindus run. #SoulVultures are coming! #NepalEarthquake #NepalQuakeRelief #ConversionGasm	1
RT @himzzi: Wondering if any genuine noteworthy contribution from secularists? #earthquake again. #SoulVultures #NepalEarthquake http://t.c	5
RT @vjchats: @OmegaProgramme Nepal is being punished for its heathen ways #TweetLikeMissionary #NepalEarthquake	1
RT @DebashishHiTs: #SoulVultures celebrate the opportunity to convert amidst deaths, destruction #NepalEarthquake http://t.co/9tha1xtFKE	3
RT @BihariTweeter: RSS &amp; Xtian Evangelists both r helping in #NepalEarthquake. U can easily judge who is working selflessly &amp; who is doing	17
RT @AnjaliGorg: Soul hunters goi g for a gleeful scavenging in #NepalEarthQuake #ChristianTerror https://t.co/grYJDszFrD	5
RT @MahaveerM_: 2 Kinds of Breed Celebrating #NepalEarthquake 1) #SoulVultures 2) #AAPtards RT if u Agree! @kapsology @NavenduSingh_ http:/	75
RT @Biorahul: Christian missionaries &amp; their hidden communal agenda. Compare this to selfless work by #RSS #NepalEarthquake http://t.co/oBH	22
RT @Ankitaaa_: #NepalEarthquake is calamitous !! What is more devastating is the #Missionaries have already started circling over Nepal!!	20
RT @Swt_Sadhana: All I can see on my TL is #NepalEarthquake and tweets by #SoulVultures about Jesus. This is worrisome. But then what could	29
RT @HinduRajyam: @Pontifex Mary is a virgin whore u piece of shit paedophile #SoulVultures #NepalEarthquake	1
RT @sharsanj: Rescue teams for #NepalEarthquake n there r #soulvultures for other kind of work. Evangelists making xtians out of dead peopl	1
RT @sridharan_tklr: #SoulVultures COMPLIMENTS TO NEWSX!! THEY HAVE REPORTED THE EVANGELISTS!! #EarthquakeAgain #NepalEarthquake http://t.co	1
"RT @devillseye: LIC Should hire more of these #SoulVultures Missionaries. To Celebrate a calamity to Sell their ""Brand"" is in their Blood."	1
RT @Kalpeshtamariya: # #Missionaries are #ISIS in India.... #SoulVultures #NepalEarthquake #IndiaWithNepal #RespectRSS #Istan	1
RT @RamraoKP_: Our Seculars Blaming This govt?? See how they work. kudos @SushmaSwaraj ji... #IndiaWithNepal #NepalEarthquake http://t.co	31
RT @aj_4_india: There are shameless jerks. There are #SoulVultures. And then there are the psycho Xian evangelists. https://t.co/ZFhnjzcdJs	2
RT @rupasubramanya: That didn't take long. Missionary vultures always circling and descend at the first opportunity. #NepalEarthquake http	441
RT @Ria_184: #SoulVultures seek #NepalEarthquake as oppurtunity to strengthen their hold India must send Hindu helpers on ground http://t.c	24
RT @cheguwera: WTF people are trying to save their life&amp;this MORONs Tweeting Hindu christian muslim #earthquake #NepalEarthquake http://t	61
RT @Dayweekaa: Instead of saving humanity, these #SoulVultures are upto selling their Jesus in turn of rescue of #NepalEarthquake victims.	2
RT @NeelakshiGswm: Dear #SoulVultures #Nepal isn't Africa, so don't try business there. #earthquake #Kathmandu #NepalEarthquake	13
RT @noconversion: Christian Missionaries are ready to Harvest Soul &amp; use Nepal disaster to convert @RSSorg #NepalEarthquake @HMOIndia	20
RT @himanshugo: This #JesusFreak @SnowbirdSWO is worried about Gospel,while ppl die in #NepalEarthquake #SoulVultures #ManKiBaat https:/	1
RT @mswami: Even during 2005 Tsunami #SoulVultures descended in droves to exploit grief stricken people. http://t.co/EzecnxEjNI #NepalEarth	3
RT @noconversion: Xtian Missionaries have huge plan to use Earthquake in Nepal as conversion oppt. Hindus Please rise up Support Nepal #Ne	29
"RT @thenewsminute: Religious groups ""preying"" for souls of #NepalEarthquake get slammed for being ""#SoulVultures"" http://t.co/is3MCd5Og6"	17
RT @sanjay_rai: @ce7669131e0f466 #SoulVultures see the #NepalEarthquake as golden opportunity for conversion, #soulharvesting @_TimesCrow @	1
RT @ConvenienceBest: Who are the folks really happy about the devastating #NepalEarthquake ? AAP n Evangelists.	1
RT @trunils: #Presstitutes RATs hide their ugly face, no coverage where RSS volunteers working without credit #HatsOffRSS #NepalEarthquake	3
RT @jaypanicker: Pastor K P Yohannan from Kerala,do a lot in Nepal to convert Hindus,listen #SoulVultures #NepalEarthquake @pmoindia https	12
RT @RanjitAtWork: This @ShainaNC talks utter rubbish and tweets pix which are old and not even related to #NepalEarthquake #SHAME http://t	1
RT @AvanikaMote: Learn from Sikhs. They are helping without converting people in Nepal. #SoulVultures #NepalEarthquake https://t.co/himluu	3
RT @EvilYindoo: Church Bigot and #AdarshLiberal @nesoron rued that #NepalEarthquake missed @yogrishiramdev http://t.co/TVmhBeKMcw	7
RT @anupamtr: Sad! Appalling! Disgraceful!! #Missionaries trying to 'harvest souls' even in such tragic times of #NepalEarthquake http://t.	767
RT @RpG_89: Take a bow @ManojKureel #SoulVultures #NepalEarthquake https://t.co/eEqjxvcup1	1
RT @RohitRudraJohri: One more of the #Presstitutes trying to gain some traction on social media #NepalEarthquake https://t.co/Z6ukYLtmu7	1
RT @actindia: Kafan chors #SoulVultures coffin thieves. In Nepal to harvest X'tians in calamity. #NepalEarthQuake #EarthQuake #Quake #Nepal	2
RT @IndusSiva: With #NepalEarthquake,it's evident that #SoulVultures survive only by Calamities &amp; its evident that RSS competes to do servi	1
RT @sammysaurus_: Disgusting. RT @nayanikaaa: What is wrong with people? Using the #NepalEarthquake to convert the victims? #Soulvultures.	1
RT @Sudhks: Crawling worms in gutter #Xtian #SoulVultures must thank #Jesus for this #NepalEarthquake tragedy. https://t.co/mhXigXVHkj	1
RT @DebashishHiTs: #SoulVultures stand exposed #NepalEarthquake https://t.co/KnLxtIbTAp	3
RT @savarkar5200: Modi riding pillion on Bike to inspect damage after Gujarat earthquake. #ManKiBaat #NepalEarthquake #SoulVultures http://	3
RT @Tan_Tripathi: Head of #SatanicCult #SoulVultures #NepalEarthquake https://t.co/4pDX51dM6p	4
RT @sharants: @sharants Can sum1 not help by providing food, shelter &amp; medicines during a tragedy without soul trading? #NepalEarthquake #	1
RT @RajeshaM75: Scavenging Vultures started their asshole job even on #NepalEarthquake tragedy https://t.co/2zBWwNtltG	4
RT @rupeshsingh10: Bloody #SoulVultures see #NepalEarthquake not as Tragedy but Triumph. These so call missionaries are worst then ISIS. ht	1
RT @TweeterGOD_: Will the #Presstitutes media ever show this? #Respect for RSS #SoulVultures #HatsOffRSS #NepalEarthquake http://t.co/a1	22
RT @SardaarKhan: #RSS Volunteers have reached #Nepal. #AdarshLiberals tweeting. U Choose. #NepalEarthquake	1
RT @DebashishHiTs: No media is talking about fringe or mainstream even though #SoulVultures have left nothing ambiguous #NepalEarthquake ht	12
"RT @karanbhandari: Save people first, forget propaganda for once ""@VerseCannon: Vampires on the prowl. #SoulVultures #NepalEarthquake http:"	3
RT @Sudhks: #SoulVultures doing their best to help #NepalEarthquake victims by preaching #Jesus. https://t.co/GNIf5VElZh	1
RT @TPrasad_7: When India &amp; the world racing to rescue #NepalEarthquake victims,the #SoulVultures busy with hate &amp; hatred @IndyUSA: http://	3
RT @syamjee: #NepalEarthquake and Indian #Presstitutes http://t.co/rfAnwDoPdA	1
RT @Keisar_: This #NepalEarthquake has bought stupidest Brands, desperate Websites, vulture Missionaries and sick twisted Presstitutes out	40
RT @being_delhite: Project Joshua for Nepal #SoulVultures Funded to Propagate in '10/40 Window' Home of unevangelized? #NepalEarthquake ht	5
RT @amz360: Pope says this. Mother Teresa did this. #NepalEarthquake #SoulVultures doing this. Why #AdarshLiberal denies this? https://t.co	8
RT @NeelakshiGswm: This is how a Nepalese replied to #TOI lies #Kathmandu #NepalEarthquake #earthquake #PrayForNepal #Presstitutes http://t	15
RT @ChakraNews: This picture says it all. Please share. #SoulVultures #NepalQuakeRelief #NepalEarthquake http://t.co/3EpKJEHoHh	1
RT @TPrasad_7: .@sathisamirdesai RSS doesn't ask hapless victims to convert in order to get help. Evangelical vultures do. #NepalEarthquake	1
RT @Preetham316R: #SoulVultures #NepalEarthquake Shameless Morons busy in all sort of #evangelism even in crisis..	1
RT @i_Aleister: I hate how missionaries gon try to harvest souls, turning this whole #NepalEarthquake into a spiritual wake-up call...Lend	1
RT @Sudhks: Beware #Nepal from such guttersnipe #SoulVultures. #NepalEarthquake #IndiaWithNepal @shalinisharma70: Shame http://t.co/sP3sA3	2
RT @WandererSS6: @GrooverMac You #SoulVultures can't u help selflessly instead of looking for preys for soul harvesting in #NepalEarthquake	1
RT @imknag: @nytimes article helps recognise #SoulVultures dancing #MaukaMauka on #Nepalearthquake! Don't donate to them! http://t.co/wyyYE	1
RT @rameshnswamy: The Jesus Supermarket brigade in full force #SoulVultures after #NepalEarthquake http://t.co/lrlScfY4SR	5
"RT @puneetarora82: Exactly what #Presstitutes &amp; #SupariJournalists doesn't want to hear. https://t.co/9HLM6KhwnF"" #RSS #NepalEarthquake #I"	1
RT @Rao_Krishna: Let the dust of #NepalEarthQuake settle, will tweet how emotional extortion &amp; money were used by #SoulVultures to convert	2
RT @mkk3601: .Seems like the Christians have hit the jackpot. #NepalEarthquake #SoulVultures soul harvesters, like vultures,out in full fo	1
RT @AFNCWOODWARD: Nepali Christians Being Overlooked in Distribution of Aid Following Earthquake. @persecutionnews #NepalEarthquake http://	2
RT @dhanjitgiri: #RSS at work soon after #NepalEarthquake #TrustRSS #SoulVultures http://t.co/0TfZ0v0nCM	31
RT @SuhagAShukla: #SoulVultures are human rights violators. Unite against predatory proselytization/evangelism -- http://t.co/jaXDQwSQVD #N	1
"RT @thenewsminute: Religious groups ""preying"" for souls get slammed for being ""#SoulVultures"" http://t.co/is3MCd5Og6 #NepalEarthquake"	28
RT @RevolutionMonk: Wat sort of #Presstitutes V hav in India hu don't appreciate own country's effort,bt glorify other's #NepalEarthquake h	93
RT @KiranKS: Apt cartoon on #SoulVultures after #NepalEarthquake. http://t.co/rTZ0TtTyoV	147
RT @subodhdgame: Dear #SoulVultures seeing opportunity in the plight of victims of #NepalEarthquake just wanna say this AakThuu. http://t.c	12
RT @arvind_joshi: Evangelist Vultures: #NepalEarthquake RT @Saffrelin: #SoulVultures Can barely contain her glee. http://t.co/ebzDcUi8eX	3
RT @RW_HITMAN: #SoulVultures R pissed off with rescue efforts by india in #NepalEarthquake. This will spoil their chance 2 project Bastard	19
RT @mvslsv: Please be aware of these #SoulVultures #NepalEarthquake https://t.co/KHht7R0otv	1
RT @RW_HITMAN: Christian scum missionaries and Bastard followers are trying to use #NepalEarthquake as conversion opportunity.	24
RT @dhanjitgiri: Christian Missionaries are ready to Harvest Soul &amp; use #NepalEarthquake disaster to convert see pic 1 I am... http://t.	2
RT @Dayweekaa: Nepalese please keep away from #SoulVultures Evangelists who while rescuing u, will ask to pledge to church and jesus. #Nepa	6
RT @amitakjain: #WeStandTogether this is our real culture and religion. http://t.co/Crz23sYPxW #earthquake #SoulVultures #NepalEarthquake	2
RT @RevolutionMonk: This 1 sums it up Apt cartoon by @ManojKureel on #VultureEvangelists #SoulVultures feedin on misery #NepalEarthquake h	17
RT @myfrankvoice: Evangelist poachers coming to help #NepalEarthquake victims in return of conversion. May God unleash hell upon them http:	3
RT @Sonu_Bhaskar: (6) #Shame on 'faith-marketers' - Hunting #NepalEarthQuake victims for #soulharvest?#SoulVultures @KanchanGupta http://t.	2
RT @DebashishHiTs: #ChristiansAreUnder attack of #ISIS #BokoHaram but #SoulVultures busy preying dead &amp; destitute of #NepalEarthquake htt	1
RT @AamAadmiPartly: This is what it is. #MannKiBaat #SoulVultures #NepalEarthquake @RSSorg @DesiBakchod @PuraneeBastee @VyangyaPuraan http	10
RT @Sonu_Bhaskar: And the 'proselytisation' crusade by #SoulVultures continue at the graves of innocent #NepalEarthquake victims #Shame htt	1
"RT @justlalit: @MichaelCatt For these missionary #SoulVultures a human tragedy is ""Opportunity"" to harvest souls #NepalEarthquake http://t."	1
RT @kush07: #SoulVultures from Europe #BeefLacedFood from Pak #Maoist recruitment from China For #NepalEarthquake But India Govt. &amp; #RSS r	1
RT @Archu243: #SoulVultures on the prowl amidst the disaster n devastation caused by #NepalEarthquake http://t.co/dPEmwPrU1U	1
RT @AnjaliGorg: Status of Nepal w.r.t #Christianity Lot more of the Pagans to be Harvested #SoulScavengers to use #NepalEarthQuake http://	14
RT @RevolutionMonk: #VultureEvangelists Our MSM Journalists says Christian Missionaries does selfless service. Really? #NepalEarthquake ht	19
RT @sudixitca: Only a sick cult like Islam will send Beef powder with the relief package to the Hindus. It has no trace of humanity. #Nepal	1
RT @metesohtaoglu: #Turkish singer Leman Sam:#NepalEarthquake was punishment for #Hindu animal sacrifices,#Nepali ppl deserved death  htt	1
RT @AnanthVasu: Not so dear #SoulVultures, People in Nepal need relief and help, not religion. #NepalEarthquake	1
RT @sameerdesaii: evangelists must be busy sending loads of bibles to #Nepal . itz a good opportunity for them to convert the needy as usua	2
RT @muf002: O people! Get some lessons from #NepalEarthquake. Allah can show His power anywhere, anytime. Just repent and turn to Allah.	1
RT @AhamedAbreeq: 7.fuckin'2? Lord Why? I don't wanna die... I haven't earned enough money yet. I got LIFE GOALS. #Nepal #PrayForNepal #Nep	5
RT @rkganjoo84: #SoulVultures, dose victims dnt need ur Bible, Gospel &amp; Jesus dey need humanity 2 save demselves So just F off Evangelists	1
RT @HinduRajyam: @Atheist_Krishna @Amanofreason_ Shameless christian evangelist motherfucker @atheist_convert shud be lynched at sight! #N	1
RT @IndiaAspires: Hinduism follows  ,doesn't sell god but Xtian Missionaries shamelessly sell Jesus in #NepalEarthquake http	1
RT @Ganeshfouonsi: RSS have reached Nepal 2 rescue &amp; serve people. #Presstitutes still busy eating shit of congress #NepalEarthquake http:	2
RT @Ram0490: Apalled at missionary #SoulVultures gloating at #NepalEarthquake as opportunity. Nepal shud enforce routing of all aid through	11
RT @abhisek_yadav: #SoulVultures ... RT @NewsX : #BreakingOnNewsX: U.S. Pastor: Don't rebuild 'Pagan' shrines. #NepalEarthquake	10
RT @kantikshah: #SoulVultures at the site of Natural Calamity #NepalEarthquake https://t.co/PwXd7PgTdX	1
RT @TweeterGOD_: Will traitor #Presstitutes give credit to RSS for good work? #MannKiBaat #SoulVultures #NepalEarthquake #HatsOffRSS http:	1
RT @TweeterGOD_: Dear Twitter celebs, See these pics before making jokes on. #NepalEarthquake #SoulVultures http://t.co/4jsuCaFruB	3
RT @rahuldewan: Check out tweets from these #soulmining #Christian missionaries. First class assholes! #NepalEarthquake https://t.co/SU3zP	1
RT @kran8897: Teresa Gang on mission #SoulVultures #NepalEarthQuake http://t.co/2NkkQFFLEU	1
RT @KiranKS: After #NepalEarthquake, @PMOIndia should monitor closely. #RANDI squad would be eager to sneak in Jihadis and fake currency t	30
RT @Jorebungley: @AgentSaffron @trackevangelism @apravasi @AviralKapoor_ this is heights of moronry #SoulVultures released this poster toda	1
RT @shwetavij3: I am sure Nepali Hindu will show these #SoulVultures what is real faith..    #NepalEarthquake http://t.c	6
RT @RajeevSrinivasa: Christian fundamentalists are indistinguishable from isis #NepalEarthquake https://t.co/7hRy7pAZkj	10
RT @Saffrelin: #EarthquakeAgain #NepalEarthquake @ManojKureel accurately depicts #SoulVultures. http://t.co/cethQXSE6w	3
RT @himanshugo: Pls don't donate 2 #SoulVultures , instead donate to Dharmic org. Which is doing selfless service #NepalEarthquake https://	4
RT @NeelakshiGswm: #SoulVultures are getting big slaps in their own countries &amp; by their own ppl #NepalEarthquake	6
RT @IndiaAspires: While #soulvultures are in Nepal after #NepalEarthquake to encash opportunity in calamity #RSS swayamsevaks are there for	1
"RT @being_delhite: #SoulVultures must learn humility from ""Sanghis"" #RSS Rocks via @Nabin22Ray #NepalEarthquake #earthquake http://t.co"	34
RT @RevolutionMonk: #VultureEvangelists #SoulVultures looking for a way to see the gospel go forth in the midst of #NepalEarthquake http:/	18
RT @Kalpeshtamariya: True face of #SoulScavengers Humanitarian aid is means 4 Religious conversion #ChristianTerror #NepalEarthquake http:/	15
RT @Sonu_Bhaskar: (4) #Shame on 'faith-marketers' - Hunting #NepalEarthQuake victims for #soulharvest?#SoulVultures @KanchanGupta http://t.	4
RT @RamraoKP_: 5starActivists and #AdarshLiberal disappeared.After few days they will come and sit in 5 star hotels and write story on #Ne	2
"RT @ParinVShah: ""A Hindu Nationalist PM is misusing and abusing his office to further the Hindutva agenda by swiftly responding to #NepalEa"	3
RT @__Hari__: Despicable US Christian preacher tweets hope #NepalEarthquake will make 'pagan' #Nepal repent &amp; accept Christianity. https://	17
RT @sahucar: while thousands lost their life due to #NepalEarthquake , #SoulVultures gear up to capitalise on people's miseries! http://t.c	5
RT @GanapathyI: not seen any tweet from Christian Org from India talking abt help to #NepalEarthquake without talking abt Soul Harvesting	1
RT @bayalis: Apalled at missionary #SoulVultures gloating at #NepalEarthquake as opportunity. Nepal shud enforce routing of all aid through	3
RT @KKK78888: @PMOIndia @TheRenouncer @narendramodi on #SoulVultures after #NepalEarthquake. http://t.co/wMDSqopQfA	5
RT @jithu2k1: Hey @Pontifex, control your #SlaveTraders. #SoulVultures are ready to devour corpse in the #NepalEarthquake tragedy. Have re	2
RT @prasannakarthik: Army wants to save, RSS wants to serve, Gurudwaras want to feed, but #SoulVultures want to convert the affected. #Nepa	19
RT @chanredd: #ThankYouPM : #NepalEarthQuake: #NepalQuake: An opportunity to restore faith in #Humanity not an opportunity to harvest soul	1
RT @DandekarH: Scavengers in the name of God : For missionaries, others misery is nothing but an opportunity #SoulVultures #NepalEarthquake	1
RT @rkgeemail: @infoHINDU - Missionaries increased to Nepal. This earthquake was an opportunity to convert. #NepalEarthquake via	1
RT @ParagRudani: Conversion during a calamity should be made a criminal offense first! #NepalEarthquake #SoulVultures	5
RT @NeelakshiGswm: Dear religions pimps pl stop feeding on human tragedies &amp; calamity. U can't bring immortality #SoulVultures #earthquake	17
RT @Sudhks: Janakpur, residents shows firm belief in #MataSita saying she protects them. Heartbreaking news for #Xtian #SoulVultures. #Nepa	2
RT @pravatksahoo: Meanwhile cheap Christians r busy spreading Christianity, Idiot morons #NepalEarthquake #earthquake	1
RT @SirJadeja: Indian Media Shared It As #NepalEarthquake Victim's Pic. #Presstitutes #DontComeBackIndianMedia http://t.co/hmnPnenA3p	20
RT @TheArcherIsIn: Hey, you #Presstitutes bastards, good to see you covering #NepalEarthquake Where were you during the #Yemen evacuation?	1
RT @ItsARipper: Christians who're mum now about evangelists using the #NepalEarthquake to spread Christ's word will shout about #GharWapsi	1
RT @HinduMystic: Soul Harvesters.. Merchants of Death !!! #NepalEarthquake	2
RT @VaradSharma: So Christian missionaries are selfishly working. Yes, you heard it right - selfishly. Not selflessly. #NepalEarthquake	1
"RT @tisaiyan: #NepalEarthquake RT - "" @ggiittiikkaa Compulsive obsession of #SoulVultures for converting "" http://t.co/tUpbTbviVb"	12
RT @RevolutionMonk: #VultureEvangelists A great tragedy #NepalEarthquake provides window of opportunity 4 missionaries 2 convert victims ht	17
RT @Saffrelin: Good night. Sorry if my RTs of #SoulVultures irritated you, but it's about time we exposed these freaks. #NepalEarthquake	5
RT @PoliticoVoice: #Sikhs provide food for people affected by natural disasters irrespective of religion - without asking anything in retur	1
RT @himanshugo: Christian fanatic @nesoron is unhappy because God dint kill @yogrishiramdev in #NepalEarthquake #SoulVultures https://t.c	1
RT @ce7669131e0f466: Interesting, the twist some #Christians &amp; #Muslims gave to the #NepalEarthquake. #SoulVultures #ReligionOfPeace http:/	2
RT @anupsjaiswal: #NepalEarthquake #SoulVultures REASSURED: World needs an ethical whitewash http://t.co/cZCcQfs2xN @Vamsee9002 @rupasubram	2
RT @HELLHOO2U: World is full of abrahamic religion chutiyas many would come out to harvest souls after #NepalEarthquake	1
RT @vaishalidbhatt: Missionaries are #ISIS in India.... #SoulVultures #NepalEarthquake	10
RT @ashwanijain05: Where is secular bollywood fundraising shows for #NepalEarthquake victims? @iamsrk #SoulVultures	1
RT @HinduRajyam: @DavidBCohen1 @VogonPoem Pls see what the shameless @Pontifex is saying.Kingpin of #SoulVultures.Bury 'em! #NepalEarthqua	3
"RT @sharan070192: Bloody Vatican douchebags rejoicing as disasters ""opens window"" to carry their mission #NepalEarthquake #SoulVultures htt"	8
RT @AnjaliGorg: Nepal was already flooded by Evangelist #SoulScavengers they see #NepalEarthQuake as an opportunity #ChristianTerror http:/	32
RT @naqui_s: Only d rarest of rare SHAMELESS kind can think of earning political pts frm a tragedy. #SoulVultures #NepalEarthquake http://t	1
RT @buddhainabar: *ANY Calamity* Noble Evangelists: Embrace #Jesus. He'll save u. #Hindu Terrorists #RSS: Hang on, we are coming. #NepalE	2
RT @DrJwalaG: There are #SoulVultures @INCIndia ! Dont have 2 go 2 far ! criticizing our RSS ! Can @TimesNow debate on this #NepalEarthqua	5
RT @DIPAKRATHOD999: Christian missionaries are seeing opportunity in #NepalEarthquake wt kind of religion is this ?? #SoulVultures	2
RT @eagleradio: #EagleNews #Aldershot Buddhist community pleas for help following latest #NepalEarthquake http://t.co/QSMTIN3UQV http://t.c	3
RT @WandererSS6: These #SoulVultures are circling their prey in Nepal. Their mission is to lure #NepalEarthquake victims into conversion in	2
RT @inrealisation: Expose #SoulVultures once and for all. The Christian Evangelists are looking to harvest both dead and living souls. #N	1
RT @karyakarta1992: @TulsiGabbard Christian evangelical #SoulVultures from America seeing #NepalEarthquake as opportunity. You should speak	1
RT @hanchatemahesh: Khaki chaddiwalas have reached Nepal to rescue and serve people where as #Presstitutes still busy eating shit of congr	2
RT @harsh1977: #SoulVultures http://t.co/CvBB7VxNrw hidden fact of #missionaries #vulture #christian #NepalEarthquake #Nepal http://t.co/Lu	2
RT @akshaykanitkar: Will the Libtards answer??? #OperationMaitri #NepalEarthquake http://t.co/32NOCkCXnP	10
RT @being_delhite: No Dearth of #SoulVultures Rahul at Kedarnath John Dayal Victimhood with Fake Attacks Conversion Opportunities after	3
RT @DrJwalaG: Check the donation list ! #SoulVultures we Hindus are Communal rt ? #NepalEarthquake #HatsOffRSS @Swamy39 @RSS_Org http://t.c	10
RT @TheOuting1: Jesus #NepalEarthquake so terrible. Life &amp; the world does strange things. #Life	1
RT @IndianSanskriti: PLS RT - Let's start &amp; push for new # - #ReportMissionaries in #NepalEarthquake and #India. These illegal soul harvest	9
RT @sajithpattath: #NepalEarthquake Nepal is now vulnerable to China and Evangelists. Modi needs to move swiftly.	1
RT @human995522: Disgusting #ISIS of west #Vatican #SoulVultures are eyeing #harvestSoul in #NepalEarthquake No wonders why #Putin hates	1
RT @Kalpeshtamariya: #VultureEvangelists A great tragedy #NepalEarthquake provides window of opportunity 4 missionaries 2 convert victims h	18
RT @arenmishra: #SoulVultures pryng fr lost souls in #NepalEarthquake, no cncrn for humans pain. They fed on asian flesh nw wnt soul https:	1
RT @shandiponidey: Unbeliavable that Jesus died for such idiots who seek advantage in #NepalEarthquake.Jesus wud b ashamed of his followers	9
RT @renu_18: While Namo &amp; #Hindu @RSSorg helping the needy #Shameless #SoulVultures converting helpless Hindus #NepalEarthquake http://t.	47
RT @RITURATHAUR: NEPAL BEWARE.. The #evangelicalvultures on the prowl! If this is Christanity,thank God I am a HINDU #NepalEarthquake http:	88
RT @RevolutionMonk: #VultureEvangelists At the time of grief what would u do,care for the victims or share your faith? #NepalEarthquake ht	13
RT @jivanmukt: Can #SoulVultures do this instead of selling Jesus? #NepalEarthquake #ThankYouPM #RashtravadiBabaRamdev http://t.co/rAqTKeE	20
RT @Kamaallrkhan: Bhaand @Gurmeetramrahim celebrating #NepalEarthquake, having fun threesome awesome. #shame #MSGHelpEarthquakeVictims http	3
RT @Sonu_Bhaskar: (2) #Shame on 'faith-marketers' - Hunting #NepalEarthQuake victims for #soulharvest?#SoulVultures @KanchanGupta http://t.	7
RT @ChinnuVS: Shame on these people!! Doubt if they have a human soul in them!! #SoulVultures #IndiaWithNepal #NepalEarthquake	1
RT @syamjee: 3 sets of people pissed of with #NepalEarthquake bcoz the relief efforts put Modi in focus 1 #Presstitutes 2 #AAPTards 3 #Conv	1
RT @RamraoKP_: Shame on #SoulVultures . I think Jesus has given them opporturnity to convert ppl in Nepal... #NepalEarthquake http://t.co/	4
RT @AnjaliGorg: #SoulScavengers rejoice at the opportunity found in #NepalEarthQuake https://t.co/Qc4s7LtXaO	5
RT @NeelakshiGswm: A religion is known by its followers, the more u try to propagate ur religion d less respected it is #SoulVultures #Nepa	20
RT @cgmagia: #SoulVultures find 'opportunity' in #NepalEarthquake is PM listening in #MannKiBaat	1
RT @IndiaAspires: This sick person of #SoulVultures family trying to encash calamity of #NepalEarthquake in the name of Christ. https://t.	17
RT @htTweets: #Nepal remembers quake victims on conclusion of religious mourning period http://t.co/fBy0TeaG5A #NepalEarthquake http://t.	33
RT @sarvatragam: Why are evangelists like @RSS_Org being allowed to move around the subcontinent with impunity? Especially during crisis #N	2
RT @carol_penner: When the foundations of the earth shake, and so many are buried in rubble and grief, Lord in your mercy hear our prayer.	8
RT @IndianSanskriti: SO MUCH Unlike christian missionaries.. who are sending their vultures to preach and harvest souls #NepalEarthquake h	14
RT @SangitaSri: A opportunity for Religious conversions?????? #SoulVultures #NepalEarthquake https://t.co/SQRqGlb8Gv	1
RT @harsh1977: #Presstitutes will never show this #NepalEarthquake #Nepal #NepalQuake #NepalIndia http://t.co/TPMdSRRxsx	2
RT @towardshumanity: Jihadists who convert people at gunpoint atleast do not hide their barbarism under the garb of LOVE n SERVICE #SoulVul	3
RT @_KOBANE: #British former #IT #worker joined #YPG to fight #ISIL jihadi &amp; defend #civilsociety #solidarity #NepalEarthquake http://t	1
RT @ravighiyar: Dear leader of #SoulVultures @Pontifex, is this what your Jesus taught to you guys? Soul trading in #NepalEarthquake http:/	6
RT @Cerebrus_: Interesting, the twist some #Christians &amp; #Muslims gave to the #NepalEarthquake. #SoulVultures #ReligionOfPeace http://t.co/	9
RT @sheefal: While #NepalEarthquake is an opportunity for Xtian evangelists, RSS silently works for the safety of people	1
RT @Puru_Tweet: See #SoulVultures Saffron work in #NepalEarthquake #MEAatWork https://t.co/THKB4Ttevv	14
"RT @chandansadhu: Indian Army names aid mission in Nepal as ""Operation Maitri"". #earthquake #SoulVultures #NepalEarthquake #Kathmandu"	2
RT @himanshugo: pls dont donate to these #SoulVultures . instead donate to http://t.co/nRL3yMPJNx #NepalEarthquake https://t.co/4MhBZ77L9U	1
RT @Rakeshinteriors: RT. People need Relief not trash Bible. #NepalEarthquake #Sickos #HDL #RSS #earthquake #SoulVultures #Presstitutes htt	2
RT @Dayweekaa: #SoulVultures preaching such nonsense in times of #NepalEarthquake, saying repeated quakes are second coming of their lord y	2
"RT @sanatan_: Shame on Christian missionaries who find the #NepalEarthquake ""exciting"" to convert people in moment of grief. https://t.co/"	12
RT @nis111284: #SoulVultures #NepalEarthquake Shameless Morons busy in all sort of #evangelism even in crisis http://t.co/bJgNYietqX	45
RT @guy_adventure: still we can feel the quake!!! I am scared. May lord #Buddha show pity for those innocent people of #nepal #NepalEarthqu	1
RT @prinz_90: #Shame on #soulvultures. It's time for everyone to unite &amp; help the ppl of #Nepalearthquake. Hw can you stoop so low? http://	1
RT @KiranKS: If you don't know why #SoulVultures is trending in India after #NepalEarthquake, it's because of these sick guts. http://t.co/	166
RT @rameshnswamy: beware of the #SoulVultures they will destroy local capacity http://t.co/oxzPsu9Y9Q #NepalEarthquake	3
RT @swarya55: It's been more than 24 hrs and no statement from Sonia or Congis on #NepalEarthquake Such is their apathy for Hindus Party o	1
RT @shall_isaytruth: #SoulVultures Nepal is land of Sita &amp; Buddha even before your God existed! Don't hunt Souls like devil does in disguis	1
RT @SirZaidHamid: The way #Christian evangelists are trying sell Jesus in events like #NepalEarthquake , they deserve to be included in Mar	41
RT @RamraoKP_: #SoulVultures trying to collect donations in the name of Nepal relief . Please only donate to @PMOIndia relief Fund . #Nepal	4
RT @RevolutionMonk: #VultureEvangelists #SoulVultures Animals that feeds on carcasses are superior 2 this Missionaries. #NepalEarthquake h	11
RT @ddev42: If you don't know why #SoulVultures is trending in India after #NepalEarthquake,it's because of these sick guts. http://t.co/BX	1
RT @VerseCannon: Vampires on the prowl. #SoulVultures #NepalEarthquake http://t.co/wiwWwvwrxY	82
RT @WandererSS6: This Christian maniac wanted Ramdev Baba to die in #NepalEarthquake. Christians have so much hatred towards Hindus. http:/	1
RT @PrashJha16: Take a look at these sick minded missionaries! They seriously need some help. #NepalEarthquake #IndiaWithNepal http://t.co/	1
RT @VidyaranyaKs: @Rakeshinteriors @gary_1980in #NepalEarthquake #Missionaries #SoulVultures #HDL #RSS #OperationMaitri #MannKiBaat @ksmsun	2
RT @SwarupPhD: Here comes the king of the #SoulVultures - https://t.co/s1EFM8r5rO #NepalEarthquake	19
RT @shreyashebbare: This is really sick! #NepalEarthquake #SoulVultures #earthquake http://t.co/WF6tzYB35N	3
RT @TPrasad_7: .@KanchanGupta Here take a look at another of sickos. Preying like #SoulVultures during calamity. https://t.co/VoaYCf6Qku #	1
RT @satyaticks: How #SoulVultures looking at Nepal Tragedy.. #NepalEarthquake #VultureEvangelists #VulturesOfVatican http://t.co/EzG3ayvt	12
RT @vaishalidbhatt: Donate to #NepalEarthquake through http://t.co/jCCUXe6lmd only.Avoid any NGO or #presstitutes like @ndtv @aajtak or oth	12
RT @kush07: #NepalEarthquake #IndianArmy &amp; #RSS moving rescue teams 2 #Nepal #AdarshLiberals #Sickulars RATS r hiding #Presstitutes waitin	50
RT @daredevil_AA: My message to #SoulVultures for whom #NepalEarthquake is an opportunity &amp; have the false belief of religion supremacy htt	5
RT @simbamara: Doing what #SoulVultures do best ,even during #NepalEarthquake http://t.co/HgFq9rtAim	5
RT @sameerdesaii: @pradeephindu @HinduRajyam see these #EvangelicalVultures are finding opportunity for conversion in #NepalEarthquake http	3
RT @SirZaidHamid: #Nepal experiences second earthquake; 6.7 magnitude. Xstian Evangelists: hallelujah.... Let soul harvesting season begin.	21
RT @shubham_sunny: WTF  is it true?? #SoulVultures preying victims of #NepalEarthquake for Religious propaganda. Really Sad &amp; Disgust	2
RT @ParinVShah: It remains to be seen whether those who blew #Gharwapsi out of proportion dare report #EvangelicalVultures scavenging #Nepa	52
RT @KadakChaa: On one hand we have RSS people and thousands of people working tiressly to save people #SoulVultures gng to #NepalEarthquake	2
RT @drmanzanero: @anupamtr: Sad! Appalling! Disgraceful!! #Missionaries #NepalEarthquake http://t.co/HrwSsc1pWb then I don't want to go	1
RT @Biorahul: Delhi Sikh Committee to send 25000 food packets to Nepal. No, they won't convert people in return! #NepalEarthquake http://t.	14
RT @Ji_Rupesh: 4 teams of @RSSorg started rescue operation in #NepalEarthquake. Now @INCIndia &amp; @AamAadmiParty Pseudo Secularist can start	90
RT @happensinindia: #SoulVultures on mission #SoulHarvesting to #NepalEarthquake	1
RT @Smarty_in: Does @aamaadmiparty / @INCIndia too oppose the soul harvesting by missionary in #NepalEarthquake crisis or only onus on BJP	1
RT @NimishArya: #indianmediagohome #Aajtak #Presstitutes #NepalEarthquake. You guys made a mockery out of India's relief efforts. http://t	1
RT @PremierRadio: Traffickers 'exploiting' #NepalEarthquake victims, says #Christian charity http://t.co/mBMm9fV0fx http://t.co/Q9pP1ozTW5	1
RT @sahucar: #Satire Here r 3 easy steps abt How NOT to cause #Earthquake  http://t.co/taCmA2cupV #NepalEarthquake #SoulVultures http://t.	4
RT @AnjaliGorg: United Nations too Christian, claims report http://t.co/6P9wtvIJHU #Replug #SoulVultures #NepalEarthquake	11
RT @noconversion: Christian Missionaries are ready to Harvest Soul &amp; use Nepal disaster to convert #NepalEarthquake @HMOIndia http://t.c	58
RT @love4cow: Jesus is bleeding @NeelakshiGswm: Dear religion pimps stop feeding on human tragedies can't bring immortality #SoulVultures #	1
RT @mkk3601: .Seems like the Christians have hit the jackpot. #NepalEarthquake #earthquake #Nepal soul harvesters, like vultures,out in ful	1
RT @RamyaJanath: Its shocking to see evangelists are already salivating at the misery of Nepalese #NepalEarthquake , #SoulVultures http://t	1
RT @ensine: Saffron terrorists are already in #Nepal to help needy. Proud of #RSS #NepalEarthquake http://t.co/9XYCnrPutD	1
RT @ChakraNews: Some more #SoulVultures at the #NepalEarthquake .... Hindus and Buddhists being the prey of the vultures http://t.co/sjl1K	4
RT @KiranKS: Anyone who doubted @DrMohanBhagwat's statement on Mother Teresa, should just scan tweets of #SoulVultures after #NepalEarthqua	165
RT @Rakeshinteriors: Soul Harvesters Response after #NepalEarthquake #Missionaries #SoulVultures #HDL #RSS #OperationMaitri #MannKiBaat htt	34
"RT @RamraoKP_: #SoulVultures are trying to use #NepalEarthquake as conversion opportunity."" Plz Hindus in Nepal save Hindus from xtian miss"	1
RT @RW_HITMAN: So Filthy Christian #SoulVultures of bastard son of God are treating #NepalEarthquake like a conversion opportunity ? http:/	38
RT @EvilYindoo: Unbelievable Christian bigotry on display #NepalEarthquake ,&amp; @BarackObama was preaching India on religious tolerance http:	93
RT @KiranKS: 20,000 @RSSorg swayamsevaks in Nepal assisting #NepalEarthquake victims. Unlike #SoulVultures, no conversion here! http://t.c	133
RT @ConvenienceBest: Nepal should revert to its Hindu state status from its newly acquired Secular one #NepalEarthquake #SoulVultures #Evan	2
RT @kran8897: Need Bajrang Dal in #NepalEarthQuake to stop #SoulVultures #EarthquakeAgain	1
"RT @DesiBakchod: Check this @abpnewstv creating controversy Calls "" Dharahara Tower"" as MOSQUE #NepalEarthquake #Presstitutes http://t."	2
RT @Tsukinorayko: #NepalEarthquake Look at these bastard missionary @narendramodi @Ajit_Doval @HMOIndia @Swamy39 @RSS_Org http://t.co/9r2xM	1
RT @MadameYG: When in distress, no one checks if the helping hands are #SoulVultures .Its funny how people can insert religion into #NepalE	3
RT @satishpandeyG: I think #OperationMaitri started by Army for #NepalEarthquake sufferers is better trend than #ManKiBaat or #SoulVultures	2
RT @1moreGanesh: Evangelic bigots fanatic barbarism, arrogance, total lack of sense displays itself during #NepalEarthquake #SoulVultures I	1
RT @HinduNRight: Other than #VultureEvangelists and #SoulVultures people who are glad with #NepalEarthquake are @AamAadmiParty relief for t	2
RT @karyakarta1992: Truly Sick #VultureEvangelists feasting on human misery #NepalEarthquake https://t.co/lkdQJzpLSt	3
RT @HinduRajyam: @MichaelCatt Fuck off u bloody christian missionary bastard! #IndiaWithNepal #Nepal #India #NepalQuakeRelief #NepalEarthq	1
RT @sanyuktaaah: Meanwhile @timesofindia gets pleasure by displaying a victim's pic on its front page. #Presstitutes #NepalEarthquake http:	1
RT @DebashishHiTs: #SoulVultures has sole motive of converting even during times like #NepalEarthquake https://t.co/BgzVFizZ94	17
RT @AvanikaMote: How disgraceful! Missionaries carrying out conversions in Nepal. #NepalEarthquake https://t.co/B97uegulKE	1
RT @ride_2_glory: @TonyMiano is a sick. See what this #SoulVultures tells about temples. Is he welcome in our land? #NepalEarthquake http:/	1
RT @AshishPandey: #WTF! #SoulVultures Fucking Christian Evangelists! They're really happy abt #NepalEarthquake giving an opportunity to con	2
RT @cooljayzie: @ScamYuga -Pathetic n mercenary face of evangelist #SoulVultures exposed,gloating on potential harvest #NepalEarthquake	1
RT @imsujitagrawal: #SalmanVerdict is Todays #NepalEarthquake For Media..!!! #Presstitutes	3
RT @TPrasad_7: .@mediacrooks Let's donate to most trusted #PMReliefFund &gt;&gt; https://t.co/Ymigfuykyq b4 #SoulVultures start preying. @ndtv #	6
RT @vhampiholi: Beware of #SoulVultures during #NepalEarthquake crisis. http://t.co/4SoirZ9D5n	2
RT @lalitnagrath: Thousand of people have died in #NepalEarthquake and #SoulVultures still trying to sell jesus to injured? have some shame.	3
RT @satyaticks: people lost lives &amp; livelihood. But the Vatican pigs think Gospel is the relief.. #SoulVultures #NepalEarthquake http://t.c	3
RT @arundharhoney: For all those...who still don't know the meaning of #SoulVultures related to #NepalEarthquake This Will Help !! http:/	57
RT @KiranKS: #AdarshLiberal who can't keep aside diabolical hatred towards helping RSS, even at time of crisis. #NepalEarthquake https://t.	29
RT @JaishilRP: Karma will be a bitch to those who seek to benefit from human tragedies like #NepalEarthquake dear evangelists. Even bible w	1
RT @awanishr: This is how Congis treated their own people in emergency #NepalEarthquake , preparing the ground for #SoulVultures http://t.c	1
RT @ksmsundaram1975: Hey @BarackObama ask ur Xtian Missionaries to STFU #NepalEarthquake https://t.co/pePOA9HpVO	3
RT @thakureie: RSS is helping people in Nepal as they r Hindu country #AdarshLiberal #NepalEarthquake	1
RT @sverma4NAMO: @laveypj Bastard #SoulVultures hungry vulture...#NepalEarthquake #Nepal #earthquake Our Hindu n Sikh Brothers are already	1
RT @munnnabai: CHURCH has 6 letters so does MOSQUE &amp; TEMPLE. BIBLE has 5 letters so does QURAN &amp;GEETA. #RespectAllReligion #NepalEarthquake	1
RT @RNB_Indian: #Presstitutes are at it again highlighting minor short comings as no rescue efforts and as mismgmt so sad #NepalEarthquake	1
RT @sameerdesaii: its disgusting to find evangelists rejoicing over the #NepalEarthquake , finding a chance in it to convert #Hindus to the	6
RT @Dabaa_K_Maru: @CrimeMasterV2 @sachinvij #NepalEarthquake #NepalQuake #SoulVultures Shame on those who seek opportunity in tragedy http:	1
RT @RumaSi: Stuck in the cult of celebrity: watching media frenzy w/ #SalmanVerdict trending. Where's #NepalEarthquake, other serious stuff	1
"RT @DrGPradhan: Check this @abpnewstv creating controversy Calls "" Dharahara Tower"" as MOSQUE #NepalEarthquake #Presstitutes http://t.c"	31
RT @saaxenanurag: This what they do these #SoulVultures any disaster for them is a great opportunity to harvest souls http://t.co/vaiOhbW9f	3
RT @newsflicks: 'Nepalis have a family in 125 cr Indians' Modi's #MannKiBaat #SoulVultures #earthquake #NepalEarthquake http://t.co/yPmMwIe	88
"RT @satyaticks: Bloody Vatican douchebags rejoicing as disasters ""opens window"" to carry their mission #NepalEarthquake #SoulVultures http:"	30
RT @KiranKS: When 1000s are struggling to get life saving help in the #NepalEarthquake, missionary vultures have another plan :( http://t.c	97
RT @sirdesairajdeep: At One End We Have #Presstitutes Trying To Defame Country By #IndiasDaughter &amp; Another End PM Modi &amp; GOI Making Us Pro	1
RT @krharibhaskar: #Presstitutes came back to #India after #NepalEarthquake for #SalmanVerdict. #DontComeBackIndianMedia http://t.co/lw6UCb	1
RT @NoPlusnet: Hayul #Hayul shis2009: RT KiranKS: If you don't know why #SoulVultures is trending in India after #NepalEarthquake http://t	1
RT @sharsanj: In the wild we have hyenas n vultures fighting over dead bodies. In #NepalEarthquake we have #Soulvultures	1
RT @AnjaliGorg: Evangelical Christianity: Devils in high places http://t.co/ryyG854ykt via @dna @powerofyogesh #SoulVultures #NepalEarthq	12
RT @RamraoKP_: Mr @BarackObama see how ur #SoulVultures giving statements on #NepalEarthquake .. #shame http://t.co/A7KLvx46PR	4
RT @HinduRajyam: Request all nepali hindus to beware of christian missionaries who want to convert u! #SoulVultures #IndiaWithNepal #Nepal	6
RT @iamkrz: First stop #SoulVultures from US...that wud be the biggest aid for #NepalEarthquake https://t.co/jWzL08uoDa	1
RT @trackevangelism: Soul Harvesters response after #NepalEarthquake For FB screenshots, read text #SoulVultures https://t.co/JwSg2opLpl	42
RT @ChaplainCoir: Blessed #Lord, we beseech thee to comfort, succor, guide, and enlighten all who are involved with the #NepalEarthquake, A	1
RT @noconversion: Xtian Missionaries are coming to Nepal more vultures to harvest Souls #NepalEarthquake @HMOIndia @nepalitimes http:/	64
RT @ravish_NDTV: One more brainwashed idiot promoting religion over humanity sick mentality #earthquake #NepalEarthquake #MannKiBaat http:/	2
RT @DandekarH: Y shd Allah waste his time killing muslims in #NepalEarthquake when de demselves r killing each others #SoulVultures http://	3
RT @Ina_kshk: #NepalEarthquake Good breeding ground for 'soul harvesting.' http://t.co/cwbKnY3VsH	12
RT @rupeshsingh10: A typical Indian #Presstitutes can beat chest on Pakistan Children killing,Cry on Gaza,but their sensitivity dies on #Ne	5
RT @kan_rebel: Shame on u #SoulVultures Conversion during #NepalEarthquake #EarthquakeAgain https://t.co/WKrUwgC84L	1
RT @mamtan14: It Takes sad Calamity to expose de hatred of Bigots...both Religions of 'Piece' &amp; Love.Such Losers!#NepalEarthquake http://t.	25
RT @AnjaliGorg: #SoulScavengers overcrowding #NepalEarthQuake https://t.co/iqFXugU3Oi	2
RT @BhattNaturally1: Here is Link https://t.co/ut9xo8Rd0I if U wish to donate to PM fund. BUT please don't do it to NGOs &amp; #Presstitutes	1
RT @RW_HITMAN: This is what #SoulVultures @Pontifex is sayings to victim's in #NepalEarthquake @shakira @justinbieber @SrBachchan http://t.	18
RT @nayanikaaa: What is wrong with people? Using the #NepalEarthquake to convert the victims? #Soulvultures.	69
RT @shitty_politics: Go help #NepalEarthquake victims in need instead of forcing your religion on millions of americans. #March4Marriage. b	1
RT @Sonu_Bhaskar: (1) #Shame on 'faith-marketers' - Hunting #NepalEarthQuake victims for #soulharvest?#SoulVultures @KanchanGupta http://t.	4
RT @Sonu_Bhaskar: (5) #Shame on 'faith-marketers' - Hunting #NepalEarthQuake victims for #soulharvest?#SoulVultures @suhelseth http://t.co/	3
RT @AnjaliGorg: True face of #SoulScavengers Humanitarian aid is means for Religious conversion #ChristianTerror #NepalEarthquake http://t	26
RT @Priyalives: The traders of Jesus after calamity want to hijack a nation's religion &amp; culture.. #Soulvulture #NepalEarthquake http://t.	79
RT @Sudhks: #Sickular #Presstitutes @abpnewstv renamed #BhimsenTower as #QutubMinar. #Earthquake #NepalEarthquake http://t.co/D1WpqOtRhK	1
RT @bjphimachal: 'Nepalis have a family in 125 cr Indians' Modi's #MannKiBaat #SoulVultures #earthquake #NepalEarthquake http://t.co/TMupFS	3
RT @_TimesCrow: Just found the gang of   #SoulVultures on the way to Nepal to show theirs # #NepalEarthquake http://t	17
RT @DrGPradhan: This explain who are #SoulVultures First Nepal is hit by Earth Quakes now Soul Vultures #NepalEarthquake http://t.co/UO	27
RT @AnjaliGorg: In any case pls don't donate for these organisations #NepalEarthQuake #SoulVultures #IndiaWithNepal https://t.co/tJaplWGPMR	6
RT @Sonu_Bhaskar: (3) #Shame on 'faith-marketers' - Hunting #NepalEarthQuake victims for #soulharvest?#SoulVultures @KanchanGupta http://t.	4
RT @RevolutionMonk: #VultureEvangelists feeding on Misery.People r dying in #NepalEarthquake ,but missionaries see this as an opportunity h	33
"RT @shall_isaytruth: This is what Sikhism, Buddhism &amp; Hinduism teach ""Niskam Karma"" unlike #SoulVultures . #NepalEarthquake https://t.c"	2
RT @ratigirl: Breaking News: Greenpeace and Ford Foundation doing stellar NON work in #NepalEarthquake stricken Kathmandu ! #SoulVultures	72
